<?xml version="1.0" encoding="UTF-8"?>
<mappings xmlns="http://dozer.sourceforge.net" xmlns:xsi="http://www.w3.org/2001/XMLSchema-instance"
	xsi:schemaLocation="http://dozer.sourceforge.net
          http://dozer.sourceforge.net/schema/beanmapping.xsd">
	<mapping>
		<class-a>com.bazarlist.dto.parse.feature.FeatureParse</class-a>
		<class-b>com.bazarlist.model.feature.HallFeature</class-b>
		<field>
			<a>active</a>
			<b>value</b>
		</field>
		<field>
			<a>name</a>
			<b set-method="addFeature">feature</b>
		</field>
	</mapping>
</mappings>
        