<?xml version="1.0" encoding="UTF-8"?>
<mappings xmlns="http://dozer.sourceforge.net" xmlns:xsi="http://www.w3.org/2001/XMLSchema-instance"
	xsi:schemaLocation="http://dozer.sourceforge.net
          http://dozer.sourceforge.net/schema/beanmapping.xsd">
	<mapping>
		<class-a>com.bazarlist.model.food.MenuParse</class-a>
		<class-b>com.bazarlist.model.food.Menu</class-b>
		<field>
			<a>foods</a>
			<b>food</b>
			<a-hint>com.bazarlist.model.food.FoodParse</a-hint>
			<b-hint>com.bazarlist.model.food.Food</b-hint>
		</field>
	</mapping>
</mappings>
        