<?xml version="1.0" encoding="UTF-8"?>
<mappings xmlns="http://dozer.sourceforge.net" xmlns:xsi="http://www.w3.org/2001/XMLSchema-instance"
	xsi:schemaLocation="http://dozer.sourceforge.net
          http://dozer.sourceforge.net/schema/beanmapping.xsd">
	<mapping>
		<class-a>com.bazarlist.dto.parse.HallParse</class-a>
		<class-b>com.bazarlist.model.Hall</class-b>

		<field>
			<a get-method="getMobileList">mobile</a>
			<b set-method="addPhoneList">phone</b>
		</field>
		<field>
			<a get-method="getTelList">mobile</a>
			<b set-method="addPhoneList">phone</b>
		</field>
		<field>
			<a get-method="getLongitudeFromMap">mapUrl</a>
			<b>longitude</b>
		</field>

		<field>
			<a get-method="getLatitudeFromMap">mapUrl</a>
			<b>latitude</b>
		</field>
		<field>
			<a>feature</a>
			<b>hallFeatures</b>
			<a-hint>com.bazarlist.dto.parse.feature.FeatureParse</a-hint>
			<b-hint>com.bazarlist.model.feature.HallFeature</b-hint>
		</field>
		<!-- <field copy-by-reference="true">
			<a>this</a>
			<b>hallFeatures.hall</b>
		</field> -->
		<field>
			<a>menu</a>
			<b>menu</b>
			<a-hint>com.bazarlist.model.food.MenuParse</a-hint>
			<b-hint>com.bazarlist.model.food.Menu</b-hint>
		</field>
		<!-- <field copy-by-reference="true">
			<a>this</a>
			<b>menu.hall</b>
		</field>
 -->
	</mapping>
</mappings>        